Timestamp,RegDTest,Multiply Constant,,,,,,,
0:00:00,0.00633,0.1266,Constant,,,,,,
0:00:02,0.00628,0.1256,20,,,,,,
0:00:04,-0.00434,-0.0868,,,,,,,
0:00:06,-0.01892,-0.3784,,,,,,,
0:00:08,-0.04334,-0.8668,,,,,,,
0:00:10,-0.07157,-1.4314,,,,,,,
0:00:12,-0.09979,-1.9958,,,,,,,
0:00:14,-0.13112,-2.6224,,,,,,,
0:00:16,-0.16364,-3.2728,,,,,,,
0:00:18,-0.19615,-3.923,,,,,,,
0:00:20,-0.22867,-4.5734,,,,,,,
0:00:22,-0.26119,-5.2238,,,,,,,
0:00:24,-0.29371,-5.8742,,,,,,,
0:00:26,-0.32622,-6.5244,,,,,,,
0:00:28,-0.34946,-6.9892,,,,,,,
0:00:30,-0.36929,-7.3858,,,,,,,
0:00:32,-0.38911,-7.7822,,,,,,,
0:00:34,-0.40184,-8.0368,,,,,,,
0:00:36,-0.41182,-8.2364,,,,,,,
0:00:38,-0.4218,-8.436,,,,,,,
0:00:40,-0.43177,-8.6354,,,,,,,
0:00:42,-0.43439,-8.6878,,,,,,,
0:00:44,-0.43426,-8.6852,,,,,,,
0:00:46,-0.43414,-8.6828,,,,,,,
0:00:48,-0.42454,-8.4908,,,,,,,
0:00:50,-0.41137,-8.2274,,,,,,,
0:00:52,-0.39819,-7.9638,,,,,,,
0:00:54,-0.38502,-7.7004,,,,,,,
0:00:56,-0.37184,-7.4368,,,,,,,
0:00:58,-0.35867,-7.1734,,,,,,,
0:01:00,-0.34549,-6.9098,,,,,,,
0:01:02,-0.32724,-6.5448,,,,,,,
0:01:04,-0.30705,-6.141,,,,,,,
0:01:06,-0.28687,-5.7374,,,,,,f(x),(x-100)^2 + 10
0:01:08,-0.26668,-5.3336,,,,,,0,900
0:01:10,-0.26106,-5.2212,,,,,,5,625
0:01:12,-0.24892,-4.9784,,,,,,10,400
0:01:14,-0.23234,-4.6468,,,,,,15,225
0:01:16,-0.21577,-4.3154,,,,,,20,100
0:01:18,-0.1992,-3.984,,,,,,25,25
0:01:20,-0.18631,-3.7262,,,,,,30,0
0:01:22,-0.17482,-3.4964,,,,,,35,25
0:01:24,-0.16115,-3.223,,,,,,40,100
0:01:26,-0.14665,-2.933,,,,,,45,225
0:01:28,-0.13524,-2.7048,,,,,,50,400
0:01:30,-0.125,-2.5,,,,,,55,625
0:01:32,-0.11477,-2.2954,,,,,,60,900
0:01:34,-0.10453,-2.0906,,,,,,65,1225
0:01:36,-0.09429,-1.8858,,,,,,70,1600
0:01:38,-0.07864,-1.5728,,,,,,75,2025
0:01:40,-0.06101,-1.2202,,,,,,80,2500
0:01:42,-0.04337,-0.8674,,,,,,,
0:01:44,-0.02574,-0.5148,,,,,,,
0:01:46,-0.0081,-0.162,,,,,,,
0:01:48,0.00954,0.1908,,,,,,,
0:01:50,0.02717,0.5434,,,,,,,
0:01:52,0.04481,0.8962,,,,,,,
0:01:54,0.06597,1.3194,,,,,,,
0:01:56,0.08842,1.7684,,,,,,,
0:01:58,0.11088,2.2176,,,,,,f(x),10(x-100)^2 + 50
0:02:00,0.13333,2.6666,,,,,,0,360050
0:02:02,0.15668,3.1336,,,,,,5,330675
0:02:04,0.18037,3.6074,,,,,,10,302550
0:02:06,0.20406,4.0812,,,,,,15,275675
0:02:08,0.22774,4.5548,,,,,,20,250050
0:02:10,0.24362,4.8724,,,,,,25,225675
0:02:12,0.25658,5.1316,,,,,,30,202550
0:02:14,0.26954,5.3908,,,,,,35,180675
0:02:16,0.28249,5.6498,,,,,,40,160050
0:02:18,0.29281,5.8562,,,,,,45,140675
0:02:20,0.30216,6.0432,,,,,,50,122550
0:02:22,0.3115,6.23,,,,,,55,105675
0:02:24,0.32084,6.4168,,,,,,60,90050
0:02:26,0.33018,6.6036,,,,,,65,75675
0:02:28,0.3452,6.904,,,,,,70,62550
0:02:30,0.36234,7.2468,,,,,,75,50675
0:02:32,0.37947,7.5894,,,,,,80,40050
0:02:34,0.3966,7.932,,,,,,85,30675
0:02:36,0.42106,8.4212,,,,,,90,22550
0:02:38,0.44828,8.9656,,,,,,95,15675
0:02:40,0.4755,9.51,,,,,,100,10050
0:02:42,0.49512,9.9024,,,,,,105,5675
0:02:44,0.51564,10.3128,,,,,,110,2550
0:02:46,0.54415,10.883,,,,,,115,675
0:02:48,0.57206,11.4412,,,,,,120,50
0:02:50,0.59975,11.995,,,,,,125,675
0:02:52,0.62744,12.5488,,,,,,130,2550
0:02:54,0.6607,13.214,,,,,,135,5675
0:02:56,0.69609,13.9218,,,,,,140,10050
0:02:58,0.73149,14.6298,,,,,,145,15675
0:03:00,0.76689,15.3378,,,,,,150,22550
0:03:02,0.80228,16.0456,,,,,,155,30675
0:03:04,0.82814,16.5628,,,,,,160,40050
0:03:06,0.85042,17.0084,,,,,,,
0:03:08,0.8727,17.454,,,,,,f(x),
0:03:10,0.89095,17.819,,,,,,-120,
0:03:12,0.90768,18.1536,,,,,,-115,75
0:03:14,0.92441,18.4882,,,,,,-110,150
0:03:16,0.94113,18.8226,,,,,,-105,275
0:03:18,0.95786,19.1572,,,,,,-100,450
0:03:20,0.97459,19.4918,,,,,,-95,675
0:03:22,0.99132,19.8264,,,,,,-90,950
0:03:24,0.99578,19.9156,,,,,,-85,1275
0:03:26,0.99561,19.9122,,,,,,-80,1650
0:03:28,0.99545,19.909,,,,,,-75,2075
0:03:30,0.99528,19.9056,,,,,,-70,2550
0:03:32,0.99512,19.9024,,,,,,-65,3075
0:03:34,0.99495,19.899,,,,,,-60,3650
0:03:36,0.99479,19.8958,,,,,,-55,4275
0:03:38,0.99462,19.8924,,,,,,-50,4950
0:03:40,0.99446,19.8892,,,,,,-45,5675
0:03:42,0.99429,19.8858,,,,,,-40,6450
0:03:44,0.99412,19.8824,,,,,,-35,7275
0:03:46,0.99396,19.8792,,,,,,-30,8150
0:03:48,0.99379,19.8758,,,,,,-25,9075
0:03:50,0.99363,19.8726,,,,,,-20,10050
0:03:52,0.99346,19.8692,,,,,,-15,11075
0:03:54,0.9933,19.866,,,,,,-10,12150
0:03:56,0.98607,19.7214,,,,,,-5,13275
0:03:58,0.97624,19.5248,,,,,,0,14450
0:04:00,0.96641,19.3282,,,,,,,
0:04:02,0.95141,19.0282,,,,,,,
0:04:04,0.93449,18.6898,,,,,,-120,360000
0:04:06,0.91758,18.3516,,,,,,-115,330625
0:04:08,0.90067,18.0134,,,,,,-110,302500
0:04:10,0.88375,17.675,,,,,,-105,275625
0:04:12,0.86684,17.3368,,,,,,-100,250000
0:04:14,0.84993,16.9986,,,,,,-95,225625
0:04:16,0.83301,16.6602,,,,,,-90,202500
0:04:18,0.8161,16.322,,,,,,-85,180625
0:04:20,0.7994,15.988,,,,,,-80,160000
0:04:22,0.78279,15.6558,,,,,,-75,140625
0:04:24,0.76618,15.3236,,,,,,-70,122500
0:04:26,0.74957,14.9914,,,,,,-65,105625
0:04:28,0.73296,14.6592,,,,,,-60,90000
0:04:30,0.71635,14.327,,,,,,-55,75625
0:04:32,0.69974,13.9948,,,,,,-50,62500
0:04:34,0.68313,13.6626,,,,,,-45,50625
0:04:36,0.66652,13.3304,,,,,,-40,40000
0:04:38,0.64991,12.9982,,,,,,-35,30625
0:04:40,0.6333,12.666,,,,,,-30,22500
0:04:42,0.61633,12.3266,,,,,,-25,15625
0:04:44,0.59922,11.9844,,,,,,-20,10000
0:04:46,0.58212,11.6424,,,,,,-15,5625
0:04:48,0.56501,11.3002,,,,,,-10,2500
0:04:50,0.5479,10.958,,,,,,-5,625
0:04:52,0.5308,10.616,,,,,,0,0
0:04:54,0.51923,10.3846,,,,,,,
0:04:56,0.50974,10.1948,,,,,,,
0:04:58,0.50026,10.0052,,,,,,,
0:05:00,0.49078,9.8156,,,,,,,
0:05:02,0.48129,9.6258,,,,,,,
0:05:04,0.47181,9.4362,,,,,,,
0:05:06,0.46604,9.3208,,,,,,,
0:05:08,0.4617,9.234,,,,,,,
0:05:10,0.45736,9.1472,,,,,,,
0:05:12,0.45302,9.0604,,,,,,,
0:05:14,0.44868,8.9736,,,,,,,
0:05:16,0.44435,8.887,,,,,,,
0:05:18,0.44001,8.8002,,,,,,,
0:05:20,0.43567,8.7134,,,,,,,
0:05:22,0.43573,8.7146,,,,,,,
0:05:24,0.43747,8.7494,,,,,,,
0:05:26,0.4392,8.784,,,,,,,
0:05:28,0.44094,8.8188,,,,,,,
0:05:30,0.44268,8.8536,,,,,,,
0:05:32,0.44442,8.8884,,,,,,,
0:05:34,0.44615,8.923,,,,,,,
0:05:36,0.44668,8.9336,,,,,,,
0:05:38,0.44676,8.9352,,,,,,,
0:05:40,0.44684,8.9368,,,,,,,
0:05:42,0.44691,8.9382,,,,,,,
0:05:44,0.44699,8.9398,,,,,,,
0:05:46,0.44706,8.9412,,,,,,,
0:05:48,0.44714,8.9428,,,,,,,
0:05:50,0.44721,8.9442,,,,,,,
0:05:52,0.44729,8.9458,,,,,,,
0:05:54,0.45415,9.083,,,,,,,
0:05:56,0.46351,9.2702,,,,,,,
0:05:58,0.47287,9.4574,,,,,,,
0:06:00,0.48223,9.6446,,,,,,,
0:06:02,0.49426,9.8852,,,,,,,
0:06:04,0.50733,10.1466,,,,,,,
0:06:06,0.5204,10.408,,,,,,,
0:06:08,0.53348,10.6696,,,,,,,
0:06:10,0.54655,10.931,,,,,,,
0:06:12,0.55348,11.0696,,,,,,,
0:06:14,0.55811,11.1622,,,,,,,
0:06:16,0.56274,11.2548,,,,,,,
0:06:18,0.56738,11.3476,,,,,,,
0:06:20,0.57201,11.4402,,,,,,,
0:06:22,0.57664,11.5328,,,,,,,
0:06:24,0.58127,11.6254,,,,,,,
0:06:26,0.5859,11.718,,,,,,,
0:06:28,0.59053,11.8106,,,,,,,
0:06:30,0.59089,11.8178,,,,,,,
0:06:32,0.58963,11.7926,,,,,,,
0:06:34,0.58836,11.7672,,,,,,,
0:06:36,0.5807,11.614,,,,,,,
0:06:38,0.57064,11.4128,,,,,,,
0:06:40,0.56059,11.2118,,,,,,,
0:06:42,0.54604,10.9208,,,,,,,
0:06:44,0.52982,10.5964,,,,,,,
0:06:46,0.51359,10.2718,,,,,,,
0:06:48,0.49737,9.9474,,,,,,,
0:06:50,0.48115,9.623,,,,,,,
0:06:52,0.46493,9.2986,,,,,,,
0:06:54,0.4487,8.974,,,,,,,
0:06:56,0.43248,8.6496,,,,,,,
0:06:58,0.42205,8.441,,,,,,,
0:07:00,0.41376,8.2752,,,,,,,
0:07:02,0.40547,8.1094,,,,,,,
0:07:04,0.3995,7.99,,,,,,,
0:07:06,0.39443,7.8886,,,,,,,
0:07:08,0.38937,7.7874,,,,,,,
0:07:10,0.3843,7.686,,,,,,,
0:07:12,0.37793,7.5586,,,,,,,
0:07:14,0.37105,7.421,,,,,,,
0:07:16,0.36417,7.2834,,,,,,,
0:07:18,0.35729,7.1458,,,,,,,
0:07:20,0.3568,7.136,,,,,,,
0:07:22,0.35866,7.1732,,,,,,,
0:07:24,0.37247,7.4494,,,,,,,
0:07:26,0.39086,7.8172,,,,,,,
0:07:28,0.40926,8.1852,,,,,,,
0:07:30,0.43219,8.6438,,,,,,,
0:07:32,0.45679,9.1358,,,,,,,
0:07:34,0.48139,9.6278,,,,,,,
0:07:36,0.506,10.12,,,,,,,
0:07:38,0.5306,10.612,,,,,,,
0:07:40,0.5552,11.104,,,,,,,
0:07:42,0.5798,11.596,,,,,,,
0:07:44,0.6044,12.088,,,,,,,
0:07:46,0.62859,12.5718,,,,,,,
0:07:48,0.65263,13.0526,,,,,,,
0:07:50,0.67667,13.5334,,,,,,,
0:07:52,0.70071,14.0142,,,,,,,
0:07:54,0.72475,14.495,,,,,,,
0:07:56,0.74879,14.9758,,,,,,,
0:07:58,0.77283,15.4566,,,,,,,
0:08:00,0.79033,15.8066,,,,,,,
0:08:02,0.80533,16.1066,,,,,,,
0:08:04,0.82033,16.4066,,,,,,,
0:08:06,0.83533,16.7066,,,,,,,
0:08:08,0.85033,17.0066,,,,,,,
0:08:10,0.86533,17.3066,,,,,,,
0:08:12,0.88033,17.6066,,,,,,,
0:08:14,0.89533,17.9066,,,,,,,
0:08:16,0.91033,18.2066,,,,,,,
0:08:18,0.91768,18.3536,,,,,,,
0:08:20,0.92217,18.4434,,,,,,,
0:08:22,0.92667,18.5334,,,,,,,
0:08:24,0.92147,18.4294,,,,,,,
0:08:26,0.91263,18.2526,,,,,,,
0:08:28,0.90379,18.0758,,,,,,,
0:08:30,0.88895,17.779,,,,,,,
0:08:32,0.87188,17.4376,,,,,,,
0:08:34,0.8548,17.096,,,,,,,
0:08:36,0.83773,16.7546,,,,,,,
0:08:38,0.81364,16.2728,,,,,,,
0:08:40,0.78682,15.7364,,,,,,,
0:08:42,0.76001,15.2002,,,,,,,
0:08:44,0.7332,14.664,,,,,,,
0:08:46,0.70418,14.0836,,,,,,,
0:08:48,0.67436,13.4872,,,,,,,
0:08:50,0.64455,12.891,,,,,,,
0:08:52,0.61473,12.2946,,,,,,,
0:08:54,0.58491,11.6982,,,,,,,
0:08:56,0.55509,11.1018,,,,,,,
0:08:58,0.53108,10.6216,,,,,,,
0:09:00,0.50932,10.1864,,,,,,,
0:09:02,0.48757,9.7514,,,,,,,
0:09:04,0.47496,9.4992,,,,,,,
0:09:06,0.46579,9.3158,,,,,,,
0:09:08,0.46473,9.2946,,,,,,,
0:09:10,0.46676,9.3352,,,,,,,
0:09:12,0.49101,9.8202,,,,,,,
0:09:14,0.52356,10.4712,,,,,,,
0:09:16,0.55611,11.1222,,,,,,,
0:09:18,0.5651,11.302,,,,,,,
0:09:20,0.59517,11.9034,,,,,,,
0:09:22,0.63669,12.7338,,,,,,,
0:09:24,0.68375,13.675,,,,,,,
0:09:26,0.73285,14.657,,,,,,,
0:09:28,0.80275,16.055,,,,,,,
0:09:30,0.842,16.84,,,,,,,
0:09:32,0.86666,17.3332,,,,,,,
0:09:34,0.89133,17.8266,,,,,,,
0:09:36,0.90772,18.1544,,,,,,,
0:09:38,0.92093,18.4186,,,,,,,
0:09:40,0.93413,18.6826,,,,,,,
0:09:42,0.94733,18.9466,,,,,,,
0:09:44,0.95459,19.0918,,,,,,,
0:09:46,0.95964,19.1928,,,,,,,
0:09:48,0.96469,19.2938,,,,,,,
0:09:50,0.96975,19.395,,,,,,,
0:09:52,0.9748,19.496,,,,,,,
0:09:54,0.97985,19.597,,,,,,,
0:09:56,0.98491,19.6982,,,,,,,
0:09:58,0.98703,19.7406,,,,,,,
0:10:00,0.98805,19.761,,,,,,,
0:10:02,0.98906,19.7812,,,,,,,
0:10:04,0.99007,19.8014,,,,,,,
0:10:06,0.99109,19.8218,,,,,,,
0:10:08,0.9921,19.842,,,,,,,
0:10:10,0.99311,19.8622,,,,,,,
0:10:12,0.99413,19.8826,,,,,,,
0:10:14,0.99514,19.9028,,,,,,,
0:10:16,0.99616,19.9232,,,,,,,
0:10:18,0.99717,19.9434,,,,,,,
0:10:20,0.99818,19.9636,,,,,,,
0:10:22,0.99846,19.9692,,,,,,,
0:10:24,0.99846,19.9692,,,,,,,
0:10:26,0.99846,19.9692,,,,,,,
0:10:28,0.99846,19.9692,,,,,,,
0:10:30,0.99846,19.9692,,,,,,,
0:10:32,0.99845,19.969,,,,,,,
0:10:34,0.99845,19.969,,,,,,,
0:10:36,0.99845,19.969,,,,,,,
0:10:38,0.99845,19.969,,,,,,,
0:10:40,0.99845,19.969,,,,,,,
0:10:42,0.99845,19.969,,,,,,,
0:10:44,0.99845,19.969,,,,,,,
0:10:46,0.99844,19.9688,,,,,,,
0:10:48,0.99844,19.9688,,,,,,,
0:10:50,0.99844,19.9688,,,,,,,
0:10:52,0.99844,19.9688,,,,,,,
0:10:54,0.99844,19.9688,,,,,,,
0:10:56,0.99844,19.9688,,,,,,,
0:10:58,0.99844,19.9688,,,,,,,
0:11:00,0.99843,19.9686,,,,,,,
0:11:02,0.99843,19.9686,,,,,,,
0:11:04,0.99843,19.9686,,,,,,,
0:11:06,0.99843,19.9686,,,,,,,
0:11:08,0.99843,19.9686,,,,,,,
0:11:10,0.99843,19.9686,,,,,,,
0:11:12,0.99843,19.9686,,,,,,,
0:11:14,0.99842,19.9684,,,,,,,
0:11:16,0.99842,19.9684,,,,,,,
0:11:18,0.99842,19.9684,,,,,,,
0:11:20,0.99842,19.9684,,,,,,,
0:11:22,0.99842,19.9684,,,,,,,
0:11:24,0.99842,19.9684,,,,,,,
0:11:26,0.99842,19.9684,,,,,,,
0:11:28,0.99841,19.9682,,,,,,,
0:11:30,0.99841,19.9682,,,,,,,
0:11:32,0.99841,19.9682,,,,,,,
0:11:34,0.99841,19.9682,,,,,,,
0:11:36,0.99841,19.9682,,,,,,,
0:11:38,0.99841,19.9682,,,,,,,
0:11:40,0.9984,19.968,,,,,,,
0:11:42,0.9984,19.968,,,,,,,
0:11:44,0.9984,19.968,,,,,,,
0:11:46,0.9984,19.968,,,,,,,
0:11:48,0.9984,19.968,,,,,,,
0:11:50,0.9984,19.968,,,,,,,
0:11:52,0.9984,19.968,,,,,,,
0:11:54,0.99839,19.9678,,,,,,,
0:11:56,0.99839,19.9678,,,,,,,
0:11:58,0.99839,19.9678,,,,,,,
0:12:00,0.99839,19.9678,,,,,,,
0:12:02,0.99839,19.9678,,,,,,,
0:12:04,0.99839,19.9678,,,,,,,
0:12:06,0.99839,19.9678,,,,,,,
0:12:08,0.99838,19.9676,,,,,,,
0:12:10,0.99838,19.9676,,,,,,,
0:12:12,0.99838,19.9676,,,,,,,
0:12:14,0.99838,19.9676,,,,,,,
0:12:16,0.99838,19.9676,,,,,,,
0:12:18,0.99838,19.9676,,,,,,,
0:12:20,0.99838,19.9676,,,,,,,
0:12:22,0.99837,19.9674,,,,,,,
0:12:24,0.99837,19.9674,,,,,,,
0:12:26,0.99837,19.9674,,,,,,,
0:12:28,0.99837,19.9674,,,,,,,
0:12:30,0.99837,19.9674,,,,,,,
0:12:32,0.99036,19.8072,,,,,,,
0:12:34,0.97925,19.585,,,,,,,
0:12:36,0.95828,19.1656,,,,,,,
0:12:38,0.93365,18.673,,,,,,,
0:12:40,0.90901,18.1802,,,,,,,
0:12:42,0.87947,17.5894,,,,,,,
0:12:44,0.84804,16.9608,,,,,,,
0:12:46,0.81661,16.3322,,,,,,,
0:12:48,0.78518,15.7036,,,,,,,
0:12:50,0.75375,15.075,,,,,,,
0:12:52,0.72858,14.5716,,,,,,,
0:12:54,0.7058,14.116,,,,,,,
0:12:56,0.68303,13.6606,,,,,,,
0:12:58,0.66193,13.2386,,,,,,,
0:13:00,0.64148,12.8296,,,,,,,
0:13:02,0.62103,12.4206,,,,,,,
0:13:04,0.60058,12.0116,,,,,,,
0:13:06,0.57697,11.5394,,,,,,,
0:13:08,0.55219,11.0438,,,,,,,
0:13:10,0.5274,10.548,,,,,,,
0:13:12,0.51049,10.2098,,,,,,,
0:13:14,0.49649,9.9298,,,,,,,
0:13:16,0.48249,9.6498,,,,,,,
0:13:18,0.4717,9.434,,,,,,,
0:13:20,0.46214,9.2428,,,,,,,
0:13:22,0.45258,9.0516,,,,,,,
0:13:24,0.44301,8.8602,,,,,,,
0:13:26,0.42635,8.527,,,,,,,
0:13:28,0.40699,8.1398,,,,,,,
0:13:30,0.38762,7.7524,,,,,,,
0:13:32,0.35842,7.1684,,,,,,,
0:13:34,0.32539,6.5078,,,,,,,
0:13:36,0.29236,5.8472,,,,,,,
0:13:38,0.256,5.12,,,,,,,
0:13:40,0.17067,3.4134,,,,,,,
0:13:42,0.08534,1.7068,,,,,,,
0:13:44,0,0,,,,,,,
0:13:46,0,0,,,,,,,
0:13:48,-0.04058,-0.8116,,,,,,,
0:13:50,-0.08116,-1.6232,,,,,,,
0:13:52,-0.12175,-2.435,,,,,,,
0:13:54,-0.16233,-3.2466,,,,,,,
0:13:56,-0.16233,-3.2466,,,,,,,
0:13:58,-0.20744,-4.1488,,,,,,,
0:14:00,-0.25255,-5.051,,,,,,,
0:14:02,-0.29404,-5.8808,,,,,,,
0:14:04,-0.33414,-6.6828,,,,,,,
0:14:06,-0.37423,-7.4846,,,,,,,
0:14:08,-0.41433,-8.2866,,,,,,,
0:14:10,-0.45442,-9.0884,,,,,,,
0:14:12,-0.48805,-9.761,,,,,,,
0:14:14,-0.51912,-10.3824,,,,,,,
0:14:16,-0.55018,-11.0036,,,,,,,
0:14:18,-0.58124,-11.6248,,,,,,,
0:14:20,-0.61101,-12.2202,,,,,,,
0:14:22,-0.64027,-12.8054,,,,,,,
0:14:24,-0.66953,-13.3906,,,,,,,
0:14:26,-0.70011,-14.0022,,,,,,,
0:14:28,-0.7312,-14.624,,,,,,,
0:14:30,-0.7623,-15.246,,,,,,,
0:14:32,-0.79339,-15.8678,,,,,,,
0:14:34,-0.81582,-16.3164,,,,,,,
0:14:36,-0.83486,-16.6972,,,,,,,
0:14:38,-0.85389,-17.0778,,,,,,,
0:14:40,-0.86546,-17.3092,,,,,,,
0:14:42,-0.87413,-17.4826,,,,,,,
0:14:44,-0.86781,-17.3562,,,,,,,
0:14:46,-0.85572,-17.1144,,,,,,,
0:14:48,-0.83828,-16.7656,,,,,,,
0:14:50,-0.81871,-16.3742,,,,,,,
0:14:52,-0.79914,-15.9828,,,,,,,
0:14:54,-0.77958,-15.5916,,,,,,,
0:14:56,-0.76001,-15.2002,,,,,,,
0:14:58,-0.74044,-14.8088,,,,,,,
0:15:00,-0.72088,-14.4176,,,,,,,
0:15:02,-0.70131,-14.0262,,,,,,,
0:15:04,-0.68174,-13.6348,,,,,,,
0:15:06,-0.66218,-13.2436,,,,,,,
0:15:08,-0.64911,-12.9822,,,,,,,
0:15:10,-0.6386,-12.772,,,,,,,
0:15:12,-0.62809,-12.5618,,,,,,,
0:15:14,-0.61758,-12.3516,,,,,,,
0:15:16,-0.60707,-12.1414,,,,,,,
0:15:18,-0.59657,-11.9314,,,,,,,
0:15:20,-0.58909,-11.7818,,,,,,,
0:15:22,-0.58284,-11.6568,,,,,,,
0:15:24,-0.57658,-11.5316,,,,,,,
0:15:26,-0.58055,-11.611,,,,,,,
0:15:28,-0.58848,-11.7696,,,,,,,
0:15:30,-0.6048,-12.096,,,,,,,
0:15:32,-0.62439,-12.4878,,,,,,,
0:15:34,-0.65036,-13.0072,,,,,,,
0:15:36,-0.67892,-13.5784,,,,,,,
0:15:38,-0.70748,-14.1496,,,,,,,
0:15:40,-0.73604,-14.7208,,,,,,,
0:15:42,-0.76461,-15.2922,,,,,,,
0:15:44,-0.79317,-15.8634,,,,,,,
0:15:46,-0.82173,-16.4346,,,,,,,
0:15:48,-0.84586,-16.9172,,,,,,,
0:15:50,-0.86823,-17.3646,,,,,,,
0:15:52,-0.89059,-17.8118,,,,,,,
0:15:54,-0.91296,-18.2592,,,,,,,
0:15:56,-0.93533,-18.7066,,,,,,,
0:15:58,-0.95486,-19.0972,,,,,,,
0:16:00,-0.97329,-19.4658,,,,,,,
0:16:02,-0.99173,-19.8346,,,,,,,
0:16:04,-0.99696,-19.9392,,,,,,,
0:16:06,-0.99684,-19.9368,,,,,,,
0:16:08,-0.99672,-19.9344,,,,,,,
0:16:10,-0.9966,-19.932,,,,,,,
0:16:12,-0.99648,-19.9296,,,,,,,
0:16:14,-0.99636,-19.9272,,,,,,,
0:16:16,-0.99624,-19.9248,,,,,,,
0:16:18,-0.99612,-19.9224,,,,,,,
0:16:20,-0.996,-19.92,,,,,,,
0:16:22,-0.99588,-19.9176,,,,,,,
0:16:24,-0.99576,-19.9152,,,,,,,
0:16:26,-0.99564,-19.9128,,,,,,,
0:16:28,-0.99552,-19.9104,,,,,,,
0:16:30,-0.9954,-19.908,,,,,,,
0:16:32,-0.99528,-19.9056,,,,,,,
0:16:34,-0.99516,-19.9032,,,,,,,
0:16:36,-0.99504,-19.9008,,,,,,,
0:16:38,-0.99492,-19.8984,,,,,,,
0:16:40,-0.99479,-19.8958,,,,,,,
0:16:42,-0.99467,-19.8934,,,,,,,
0:16:44,-0.99455,-19.891,,,,,,,
0:16:46,-0.99443,-19.8886,,,,,,,
0:16:48,-0.99431,-19.8862,,,,,,,
0:16:50,-0.99419,-19.8838,,,,,,,
0:16:52,-0.99407,-19.8814,,,,,,,
0:16:54,-0.99395,-19.879,,,,,,,
0:16:56,-0.99383,-19.8766,,,,,,,
0:16:58,-0.99371,-19.8742,,,,,,,
0:17:00,-0.99359,-19.8718,,,,,,,
0:17:02,-0.99347,-19.8694,,,,,,,
0:17:04,-0.99335,-19.867,,,,,,,
0:17:06,-0.99323,-19.8646,,,,,,,
0:17:08,-0.99311,-19.8622,,,,,,,
0:17:10,-0.99299,-19.8598,,,,,,,
0:17:12,-0.99287,-19.8574,,,,,,,
0:17:14,-0.99275,-19.855,,,,,,,
0:17:16,-0.99263,-19.8526,,,,,,,
0:17:18,-0.99251,-19.8502,,,,,,,
0:17:20,-0.99239,-19.8478,,,,,,,
0:17:22,-0.99227,-19.8454,,,,,,,
0:17:24,-0.99215,-19.843,,,,,,,
0:17:26,-0.99203,-19.8406,,,,,,,
0:17:28,-0.99191,-19.8382,,,,,,,
0:17:30,-0.98586,-19.7172,,,,,,,
0:17:32,-0.97747,-19.5494,,,,,,,
0:17:34,-0.96908,-19.3816,,,,,,,
0:17:36,-0.96069,-19.2138,,,,,,,
0:17:38,-0.9523,-19.046,,,,,,,
0:17:40,-0.94391,-18.8782,,,,,,,
0:17:42,-0.93552,-18.7104,,,,,,,
0:17:44,-0.92713,-18.5426,,,,,,,
0:17:46,-0.92226,-18.4452,,,,,,,
0:17:48,-0.91879,-18.3758,,,,,,,
0:17:50,-0.91532,-18.3064,,,,,,,
0:17:52,-0.91184,-18.2368,,,,,,,
0:17:54,-0.90837,-18.1674,,,,,,,
0:17:56,-0.9049,-18.098,,,,,,,
0:17:58,-0.90143,-18.0286,,,,,,,
0:18:00,-0.90065,-18.013,,,,,,,
0:18:02,-0.90093,-18.0186,,,,,,,
0:18:04,-0.9012,-18.024,,,,,,,
0:18:06,-0.90148,-18.0296,,,,,,,
0:18:08,-0.89343,-17.8686,,,,,,,
0:18:10,-0.88202,-17.6404,,,,,,,
0:18:12,-0.87062,-17.4124,,,,,,,
0:18:14,-0.85921,-17.1842,,,,,,,
0:18:16,-0.83836,-16.7672,,,,,,,
0:18:18,-0.8138,-16.276,,,,,,,
0:18:20,-0.78924,-15.7848,,,,,,,
0:18:22,-0.76468,-15.2936,,,,,,,
0:18:24,-0.7491,-14.982,,,,,,,
0:18:26,-0.73713,-14.7426,,,,,,,
0:18:28,-0.72517,-14.5034,,,,,,,
0:18:30,-0.71515,-14.303,,,,,,,
0:18:32,-0.7059,-14.118,,,,,,,
0:18:34,-0.69665,-13.933,,,,,,,
0:18:36,-0.6874,-13.748,,,,,,,
0:18:38,-0.67815,-13.563,,,,,,,
0:18:40,-0.6689,-13.378,,,,,,,
0:18:42,-0.65965,-13.193,,,,,,,
0:18:44,-0.64848,-12.9696,,,,,,,
0:18:46,-0.63654,-12.7308,,,,,,,
0:18:48,-0.63163,-12.6326,,,,,,,
0:18:50,-0.62953,-12.5906,,,,,,,
0:18:52,-0.62743,-12.5486,,,,,,,
0:18:54,-0.63539,-12.7078,,,,,,,
0:18:56,-0.64728,-12.9456,,,,,,,
0:18:58,-0.66662,-13.3324,,,,,,,
0:19:00,-0.68888,-13.7776,,,,,,,
0:19:02,-0.71676,-14.3352,,,,,,,
0:19:04,-0.74693,-14.9386,,,,,,,
0:19:06,-0.77711,-15.5422,,,,,,,
0:19:08,-0.80728,-16.1456,,,,,,,
0:19:10,-0.83746,-16.7492,,,,,,,
0:19:12,-0.86618,-17.3236,,,,,,,
0:19:14,-0.89434,-17.8868,,,,,,,
0:19:16,-0.9225,-18.45,,,,,,,
0:19:18,-0.95066,-19.0132,,,,,,,
0:19:20,-0.97882,-19.5764,,,,,,,
0:19:22,-0.99627,-19.9254,,,,,,,
0:19:24,-0.99994,-19.9988,,,,,,,
0:19:26,-0.99985,-19.997,,,,,,,
0:19:28,-0.99977,-19.9954,,,,,,,
0:19:30,-0.99969,-19.9938,,,,,,,
0:19:32,-0.9996,-19.992,,,,,,,
0:19:34,-0.99952,-19.9904,,,,,,,
0:19:36,-0.99943,-19.9886,,,,,,,
0:19:38,-0.99935,-19.987,,,,,,,
0:19:40,-0.99926,-19.9852,,,,,,,
0:19:42,-0.99918,-19.9836,,,,,,,
0:19:44,-0.99909,-19.9818,,,,,,,
0:19:46,-0.99901,-19.9802,,,,,,,
0:19:48,-0.98012,-19.6024,,,,,,,
0:19:50,-0.95364,-19.0728,,,,,,,
0:19:52,-0.88284,-17.6568,,,,,,,
0:19:54,-0.82345,-16.469,,,,,,,
0:19:56,-0.77586,-15.5172,,,,,,,
0:19:58,-0.72828,-14.5656,,,,,,,
0:20:00,-0.6807,-13.614,,,,,,,
0:20:02,-0.63311,-12.6622,,,,,,,
0:20:04,-0.58553,-11.7106,,,,,,,
0:20:06,-0.53795,-10.759,,,,,,,
0:20:08,-0.49036,-9.8072,,,,,,,
0:20:10,-0.44935,-8.987,,,,,,,
0:20:12,-0.4109,-8.218,,,,,,,
0:20:14,-0.37246,-7.4492,,,,,,,
0:20:16,-0.34324,-6.8648,,,,,,,
0:20:18,-0.3176,-6.352,,,,,,,
0:20:20,-0.30054,-6.0108,,,,,,,
0:20:22,-0.28682,-5.7364,,,,,,,
0:20:24,-0.28364,-5.6728,,,,,,,
0:20:26,-0.28451,-5.6902,,,,,,,
0:20:28,-0.29428,-5.8856,,,,,,,
0:20:30,-0.30752,-6.1504,,,,,,,
0:20:32,-0.32076,-6.4152,,,,,,,
0:20:34,-0.34171,-6.8342,,,,,,,
0:20:36,-0.36569,-7.3138,,,,,,,
0:20:38,-0.38968,-7.7936,,,,,,,
0:20:40,-0.41367,-8.2734,,,,,,,
0:20:42,-0.43586,-8.7172,,,,,,,
0:20:44,-0.45735,-9.147,,,,,,,
0:20:46,-0.47883,-9.5766,,,,,,,
0:20:48,-0.50031,-10.0062,,,,,,,
0:20:50,-0.5171,-10.342,,,,,,,
0:20:52,-0.53207,-10.6414,,,,,,,
0:20:54,-0.54705,-10.941,,,,,,,
0:20:56,-0.56203,-11.2406,,,,,,,
0:20:58,-0.577,-11.54,,,,,,,
0:21:00,-0.59198,-11.8396,,,,,,,
0:21:02,-0.60172,-12.0344,,,,,,,
0:21:04,-0.60938,-12.1876,,,,,,,
0:21:06,-0.61705,-12.341,,,,,,,
0:21:08,-0.62471,-12.4942,,,,,,,
0:21:10,-0.63238,-12.6476,,,,,,,
0:21:12,-0.64004,-12.8008,,,,,,,
0:21:14,-0.64771,-12.9542,,,,,,,
0:21:16,-0.64732,-12.9464,,,,,,,
0:21:18,-0.64364,-12.8728,,,,,,,
0:21:20,-0.63997,-12.7994,,,,,,,
0:21:22,-0.62991,-12.5982,,,,,,,
0:21:24,-0.61733,-12.3466,,,,,,,
0:21:26,-0.60476,-12.0952,,,,,,,
0:21:28,-0.59218,-11.8436,,,,,,,
0:21:30,-0.5796,-11.592,,,,,,,
0:21:32,-0.56702,-11.3404,,,,,,,
0:21:34,-0.55659,-11.1318,,,,,,,
0:21:36,-0.54702,-10.9404,,,,,,,
0:21:38,-0.53745,-10.749,,,,,,,
0:21:40,-0.52787,-10.5574,,,,,,,
0:21:42,-0.5183,-10.366,,,,,,,
0:21:44,-0.50873,-10.1746,,,,,,,
0:21:46,-0.50935,-10.187,,,,,,,
0:21:48,-0.51404,-10.2808,,,,,,,
0:21:50,-0.51873,-10.3746,,,,,,,
0:21:52,-0.52342,-10.4684,,,,,,,
0:21:54,-0.52932,-10.5864,,,,,,,
0:21:56,-0.53569,-10.7138,,,,,,,
0:21:58,-0.54207,-10.8414,,,,,,,
0:22:00,-0.54845,-10.969,,,,,,,
0:22:02,-0.55482,-11.0964,,,,,,,
0:22:04,-0.56925,-11.385,,,,,,,
0:22:06,-0.57423,-11.4846,,,,,,,
0:22:08,-0.60678,-12.1356,,,,,,,
0:22:10,-0.64034,-12.8068,,,,,,,
0:22:12,-0.66909,-13.3818,,,,,,,
0:22:14,-0.69784,-13.9568,,,,,,,
0:22:16,-0.72659,-14.5318,,,,,,,
0:22:18,-0.76438,-15.2876,,,,,,,
0:22:20,-0.80578,-16.1156,,,,,,,
0:22:22,-0.84719,-16.9438,,,,,,,
0:22:24,-0.88859,-17.7718,,,,,,,
0:22:26,-0.93,-18.6,,,,,,,
0:22:28,-0.9714,-19.428,,,,,,,
0:22:30,-0.99528,-19.9056,,,,,,,
0:22:32,-0.99999,-19.9998,,,,,,,
0:22:34,-0.99999,-19.9998,,,,,,,
0:22:36,-0.99998,-19.9996,,,,,,,
0:22:38,-0.99997,-19.9994,,,,,,,
0:22:40,-0.99996,-19.9992,,,,,,,
0:22:42,-0.99996,-19.9992,,,,,,,
0:22:44,-0.99995,-19.999,,,,,,,
0:22:46,-0.99994,-19.9988,,,,,,,
0:22:48,-0.99993,-19.9986,,,,,,,
0:22:50,-0.99992,-19.9984,,,,,,,
0:22:52,-0.99992,-19.9984,,,,,,,
0:22:54,-0.99991,-19.9982,,,,,,,
0:22:56,-1,-20,,,,,,,
0:22:58,-1,-20,,,,,,,
0:23:00,-1,-20,,,,,,,
0:23:02,-1,-20,,,,,,,
0:23:04,-1,-20,,,,,,,
0:23:06,-1,-20,,,,,,,
0:23:08,-1,-20,,,,,,,
0:23:10,-1,-20,,,,,,,
0:23:12,-1,-20,,,,,,,
0:23:14,-1,-20,,,,,,,
0:23:16,-1,-20,,,,,,,
0:23:18,-1,-20,,,,,,,
0:23:20,-1,-20,,,,,,,
0:23:22,-1,-20,,,,,,,
0:23:24,-1,-20,,,,,,,
0:23:26,-1,-20,,,,,,,
0:23:28,-1,-20,,,,,,,
0:23:30,-1,-20,,,,,,,
0:23:32,-1,-20,,,,,,,
0:23:34,-1,-20,,,,,,,
0:23:36,-1,-20,,,,,,,
0:23:38,-1,-20,,,,,,,
0:23:40,-1,-20,,,,,,,
0:23:42,-1,-20,,,,,,,
0:23:44,-1,-20,,,,,,,
0:23:46,-1,-20,,,,,,,
0:23:48,-1,-20,,,,,,,
0:23:50,-1,-20,,,,,,,
0:23:52,-1,-20,,,,,,,
0:23:54,-1,-20,,,,,,,
0:23:56,-1,-20,,,,,,,
0:23:58,-1,-20,,,,,,,
0:24:00,-1,-20,,,,,,,
0:24:02,-1,-20,,,,,,,
0:24:04,-1,-20,,,,,,,
0:24:06,-1,-20,,,,,,,
0:24:08,-1,-20,,,,,,,
0:24:10,-1,-20,,,,,,,
0:24:12,-1,-20,,,,,,,
0:24:14,-1,-20,,,,,,,
0:24:16,-1,-20,,,,,,,
0:24:18,-1,-20,,,,,,,
0:24:20,-1,-20,,,,,,,
0:24:22,-1,-20,,,,,,,
0:24:24,-1,-20,,,,,,,
0:24:26,-1,-20,,,,,,,
0:24:28,-1,-20,,,,,,,
0:24:30,-0.99332,-19.8664,,,,,,,
0:24:32,-0.97526,-19.5052,,,,,,,
0:24:34,-0.9417,-18.834,,,,,,,
0:24:36,-0.93297,-18.6594,,,,,,,
0:24:38,-0.8588,-17.176,,,,,,,
0:24:40,-0.79291,-15.8582,,,,,,,
0:24:42,-0.73604,-14.7208,,,,,,,
0:24:44,-0.6704,-13.408,,,,,,,
0:24:46,-0.60201,-12.0402,,,,,,,
0:24:48,-0.52439,-10.4878,,,,,,,
0:24:50,-0.44402,-8.8804,,,,,,,
0:24:52,-0.35865,-7.173,,,,,,,
0:24:54,-0.27178,-5.4356,,,,,,,
0:24:56,-0.18491,-3.6982,,,,,,,
0:24:58,-0.09804,-1.9608,,,,,,,
0:25:00,-0.01117,-0.2234,,,,,,,
0:25:02,0.0757,1.514,,,,,,,
0:25:04,0.16257,3.2514,,,,,,,
0:25:06,0.24944,4.9888,,,,,,,
0:25:08,0.32805,6.561,,,,,,,
0:25:10,0.40415,8.083,,,,,,,
0:25:12,0.42126,8.4252,,,,,,,
0:25:14,0.52294,10.4588,,,,,,,
0:25:16,0.59839,11.9678,,,,,,,
0:25:18,0.65641,13.1282,,,,,,,
0:25:20,0.73475,14.695,,,,,,,
0:25:22,0.78328,15.6656,,,,,,,
0:25:24,0.82073,16.4146,,,,,,,
0:25:26,0.84959,16.9918,,,,,,,
0:25:28,0.87578,17.5156,,,,,,,
0:25:30,0.8684,17.368,,,,,,,
0:25:32,0.88875,17.775,,,,,,,
0:25:34,0.90452,18.0904,,,,,,,
0:25:36,0.91541,18.3082,,,,,,,
0:25:38,0.9263,18.526,,,,,,,
0:25:40,0.93719,18.7438,,,,,,,
0:25:42,0.94808,18.9616,,,,,,,
0:25:44,0.95898,19.1796,,,,,,,
0:25:46,0.96451,19.2902,,,,,,,
0:25:48,0.96848,19.3696,,,,,,,
0:25:50,0.97244,19.4488,,,,,,,
0:25:52,0.97641,19.5282,,,,,,,
0:25:54,0.98038,19.6076,,,,,,,
0:25:56,0.98434,19.6868,,,,,,,
0:25:58,0.98831,19.7662,,,,,,,
0:26:00,0.98985,19.797,,,,,,,
0:26:02,0.99065,19.813,,,,,,,
0:26:04,0.98128,19.6256,,,,,,,
0:26:06,0.96889,19.3778,,,,,,,
0:26:08,0.94938,18.9876,,,,,,,
0:26:10,0.92773,18.5546,,,,,,,
0:26:12,0.90608,18.1216,,,,,,,
0:26:14,0.88443,17.6886,,,,,,,
0:26:16,0.86278,17.2556,,,,,,,
0:26:18,0.85777,17.1554,,,,,,,
0:26:20,0.8154,16.308,,,,,,,
0:26:22,0.77508,15.5016,,,,,,,
0:26:24,0.73919,14.7838,,,,,,,
0:26:26,0.70331,14.0662,,,,,,,
0:26:28,0.66743,13.3486,,,,,,,
0:26:30,0.63154,12.6308,,,,,,,
0:26:32,0.59566,11.9132,,,,,,,
0:26:34,0.55978,11.1956,,,,,,,
0:26:36,0.52389,10.4778,,,,,,,
0:26:38,0.48801,9.7602,,,,,,,
0:26:40,0.45756,9.1512,,,,,,,
0:26:42,0.42872,8.5744,,,,,,,
0:26:44,0.39988,7.9976,,,,,,,
0:26:46,0.38091,7.6182,,,,,,,
0:26:48,0.36485,7.297,,,,,,,
0:26:50,0.34879,6.9758,,,,,,,
0:26:52,0.33273,6.6546,,,,,,,
0:26:54,0.31667,6.3334,,,,,,,
0:26:56,0.30061,6.0122,,,,,,,
0:26:58,0.27622,5.5244,,,,,,,
0:27:00,0.24933,4.9866,,,,,,,
0:27:02,0.22243,4.4486,,,,,,,
0:27:04,0.19554,3.9108,,,,,,,
0:27:06,0.16542,3.3084,,,,,,,
0:27:08,0.13437,2.6874,,,,,,,
0:27:10,0.10331,2.0662,,,,,,,
0:27:12,0.09629,1.9258,,,,,,,
0:27:14,0.04925,0.985,,,,,,,
0:27:16,0.01203,0.2406,,,,,,,
0:27:18,-0.01772,-0.3544,,,,,,,
0:27:20,-0.04746,-0.9492,,,,,,,
0:27:22,-0.07721,-1.5442,,,,,,,
0:27:24,-0.08411,-1.6822,,,,,,,
0:27:26,-0.12028,-2.4056,,,,,,,
0:27:28,-0.14329,-2.8658,,,,,,,
0:27:30,-0.15905,-3.181,,,,,,,
0:27:32,-0.1748,-3.496,,,,,,,
0:27:34,-0.19056,-3.8112,,,,,,,
0:27:36,-0.20077,-4.0154,,,,,,,
0:27:38,-0.20934,-4.1868,,,,,,,
0:27:40,-0.21792,-4.3584,,,,,,,
0:27:42,-0.22649,-4.5298,,,,,,,
0:27:44,-0.23507,-4.7014,,,,,,,
0:27:46,-0.24045,-4.809,,,,,,,
0:27:48,-0.24491,-4.8982,,,,,,,
0:27:50,-0.24936,-4.9872,,,,,,,
0:27:52,-0.25382,-5.0764,,,,,,,
0:27:54,-0.25828,-5.1656,,,,,,,
0:27:56,-0.26274,-5.2548,,,,,,,
0:27:58,-0.25801,-5.1602,,,,,,,
0:28:00,-0.25043,-5.0086,,,,,,,
0:28:02,-0.24285,-4.857,,,,,,,
0:28:04,-0.22423,-4.4846,,,,,,,
0:28:06,-0.20217,-4.0434,,,,,,,
0:28:08,-0.18012,-3.6024,,,,,,,
0:28:10,-0.14908,-2.9816,,,,,,,
0:28:12,-0.14071,-2.8142,,,,,,,
0:28:14,-0.07709,-1.5418,,,,,,,
0:28:16,-0.0216,-0.432,,,,,,,
0:28:18,-0.09217,-1.8434,,,,,,,
0:28:20,-0.09754,-1.9508,,,,,,,
0:28:22,-0.09195,-1.839,,,,,,,
0:28:24,-0.08636,-1.7272,,,,,,,
0:28:26,-0.08077,-1.6154,,,,,,,
0:28:28,-0.07518,-1.5036,,,,,,,
0:28:30,-0.06959,-1.3918,,,,,,,
0:28:32,-0.064,-1.28,,,,,,,
0:28:34,-0.06111,-1.2222,,,,,,,
0:28:36,-0.06751,-1.3502,,,,,,,
0:28:38,-0.07391,-1.4782,,,,,,,
0:28:40,-0.08031,-1.6062,,,,,,,
0:28:42,-0.08671,-1.7342,,,,,,,
0:28:44,-0.09311,-1.8622,,,,,,,
0:28:46,-0.09951,-1.9902,,,,,,,
0:28:48,-0.10532,-2.1064,,,,,,,
0:28:50,-0.1092,-2.184,,,,,,,
0:28:52,-0.11308,-2.2616,,,,,,,
0:28:54,-0.11396,-2.2792,,,,,,,
0:28:56,-0.10459,-2.0918,,,,,,,
0:28:58,-0.09523,-1.9046,,,,,,,
0:29:00,-0.08586,-1.7172,,,,,,,
0:29:02,-0.0765,-1.53,,,,,,,
0:29:04,-0.06713,-1.3426,,,,,,,
0:29:06,-0.05963,-1.1926,,,,,,,
0:29:08,-0.05843,-1.1686,,,,,,,
0:29:10,-0.05969,-1.1938,,,,,,,
0:29:12,-0.06952,-1.3904,,,,,,,
0:29:14,-0.07935,-1.587,,,,,,,
0:29:16,-0.08918,-1.7836,,,,,,,
0:29:18,-0.09776,-1.9552,,,,,,,
0:29:20,-0.10198,-2.0396,,,,,,,
0:29:22,-0.10621,-2.1242,,,,,,,
0:29:24,-0.11133,-2.2266,,,,,,,
0:29:26,-0.11962,-2.3924,,,,,,,
0:29:28,-0.12791,-2.5582,,,,,,,
0:29:30,-0.1362,-2.724,,,,,,,
0:29:32,-0.14449,-2.8898,,,,,,,
0:29:34,-0.15141,-3.0282,,,,,,,
0:29:36,-0.15348,-3.0696,,,,,,,
0:29:38,-0.15556,-3.1112,,,,,,,
0:29:40,-0.15763,-3.1526,,,,,,,
0:29:42,-0.15757,-3.1514,,,,,,,
0:29:44,-0.15023,-3.0046,,,,,,,
0:29:46,-0.14081,-2.8162,,,,,,,
0:29:48,-0.12437,-2.4874,,,,,,,
0:29:50,-0.10793,-2.1586,,,,,,,
0:29:52,-0.09149,-1.8298,,,,,,,
0:29:54,-0.07517,-1.5034,,,,,,,
0:29:56,-0.0593,-1.186,,,,,,,
0:29:58,-0.04342,-0.8684,,,,,,,
0:30:00,-0.02754,-0.5508,,,,,,,
0:30:02,-0.01166,-0.2332,,,,,,,
0:30:04,0.00421,0.0842,,,,,,,
0:30:06,0.02009,0.4018,,,,,,,
0:30:08,0.03339,0.6678,,,,,,,
0:30:10,0.03753,0.7506,,,,,,,
0:30:12,0.04166,0.8332,,,,,,,
0:30:14,0.04381,0.8762,,,,,,,
0:30:16,0.03926,0.7852,,,,,,,
0:30:18,0.03471,0.6942,,,,,,,
0:30:20,0.03016,0.6032,,,,,,,
0:30:22,0.02319,0.4638,,,,,,,
0:30:24,0.00776,0.1552,,,,,,,
0:30:26,-0.00767,-0.1534,,,,,,,
0:30:28,-0.0227,-0.454,,,,,,,
0:30:30,-0.0363,-0.726,,,,,,,
0:30:32,-0.0499,-0.998,,,,,,,
0:30:34,-0.0635,-1.27,,,,,,,
0:30:36,-0.0771,-1.542,,,,,,,
0:30:38,-0.0907,-1.814,,,,,,,
0:30:40,-0.1043,-2.086,,,,,,,
0:30:42,-0.1179,-2.358,,,,,,,
0:30:44,-0.12926,-2.5852,,,,,,,
0:30:46,-0.13258,-2.6516,,,,,,,
0:30:48,-0.1359,-2.718,,,,,,,
0:30:50,-0.13922,-2.7844,,,,,,,
0:30:52,-0.14254,-2.8508,,,,,,,
0:30:54,-0.14455,-2.891,,,,,,,
0:30:56,-0.14207,-2.8414,,,,,,,
0:30:58,-0.13959,-2.7918,,,,,,,
0:31:00,-0.13712,-2.7424,,,,,,,
0:31:02,-0.13464,-2.6928,,,,,,,
0:31:04,-0.13216,-2.6432,,,,,,,
0:31:06,-0.12968,-2.5936,,,,,,,
0:31:08,-0.1272,-2.544,,,,,,,
0:31:10,-0.12473,-2.4946,,,,,,,
0:31:12,-0.12225,-2.445,,,,,,,
0:31:14,-0.11977,-2.3954,,,,,,,
0:31:16,-0.11971,-2.3942,,,,,,,
0:31:18,-0.12804,-2.5608,,,,,,,
0:31:20,-0.13637,-2.7274,,,,,,,
0:31:22,-0.1447,-2.894,,,,,,,
0:31:24,-0.15437,-3.0874,,,,,,,
0:31:26,-0.16865,-3.373,,,,,,,
0:31:28,-0.18294,-3.6588,,,,,,,
0:31:30,-0.19722,-3.9444,,,,,,,
0:31:32,-0.2115,-4.23,,,,,,,
0:31:34,-0.22579,-4.5158,,,,,,,
0:31:36,-0.24007,-4.8014,,,,,,,
0:31:38,-0.25435,-5.087,,,,,,,
0:31:40,-0.26864,-5.3728,,,,,,,
0:31:42,-0.28633,-5.7266,,,,,,,
0:31:44,-0.3092,-6.184,,,,,,,
0:31:46,-0.31321,-6.2642,,,,,,,
0:31:48,-0.33162,-6.6324,,,,,,,
0:31:50,-0.35191,-7.0382,,,,,,,
0:31:52,-0.37221,-7.4442,,,,,,,
0:31:54,-0.3925,-7.85,,,,,,,
0:31:56,-0.41279,-8.2558,,,,,,,
0:31:58,-0.43308,-8.6616,,,,,,,
0:32:00,-0.45338,-9.0676,,,,,,,
0:32:02,-0.47367,-9.4734,,,,,,,
0:32:04,-0.49173,-9.8346,,,,,,,
0:32:06,-0.50192,-10.0384,,,,,,,
0:32:08,-0.51212,-10.2424,,,,,,,
0:32:10,-0.51896,-10.3792,,,,,,,
0:32:12,-0.51395,-10.279,,,,,,,
0:32:14,-0.50585,-10.117,,,,,,,
0:32:16,-0.48662,-9.7324,,,,,,,
0:32:18,-0.46353,-9.2706,,,,,,,
0:32:20,-0.42728,-8.5456,,,,,,,
0:32:22,-0.38714,-7.7428,,,,,,,
0:32:24,-0.33297,-6.6594,,,,,,,
0:32:26,-0.2788,-5.576,,,,,,,
0:32:28,-0.22462,-4.4924,,,,,,,
0:32:30,-0.1687,-3.374,,,,,,,
0:32:32,-0.10662,-2.1324,,,,,,,
0:32:34,-0.04453,-0.8906,,,,,,,
0:32:36,0.02018,0.4036,,,,,,,
0:32:38,0.09388,1.8776,,,,,,,
0:32:40,0.16758,3.3516,,,,,,,
0:32:42,0.25822,5.1644,,,,,,,
0:32:44,0.37569,7.5138,,,,,,,
0:32:46,0.39136,7.8272,,,,,,,
0:32:48,0.46124,9.2248,,,,,,,
0:32:50,0.53112,10.6224,,,,,,,
0:32:52,0.59722,11.9444,,,,,,,
0:32:54,0.64684,12.9368,,,,,,,
0:32:56,0.67985,13.597,,,,,,,
0:32:58,0.69642,13.9284,,,,,,,
0:33:00,0.71299,14.2598,,,,,,,
0:33:02,0.72956,14.5912,,,,,,,
0:33:04,0.74281,14.8562,,,,,,,
0:33:06,0.74439,14.8878,,,,,,,
0:33:08,0.74596,14.9192,,,,,,,
0:33:10,0.74469,14.8938,,,,,,,
0:33:12,0.73349,14.6698,,,,,,,
0:33:14,0.71944,14.3888,,,,,,,
0:33:16,0.69512,13.9024,,,,,,,
0:33:18,0.67081,13.4162,,,,,,,
0:33:20,0.64649,12.9298,,,,,,,
0:33:22,0.62218,12.4436,,,,,,,
0:33:24,0.59786,11.9572,,,,,,,
0:33:26,0.57355,11.471,,,,,,,
0:33:28,0.54923,10.9846,,,,,,,
0:33:30,0.52492,10.4984,,,,,,,
0:33:32,0.5006,10.012,,,,,,,
0:33:34,0.47795,9.559,,,,,,,
0:33:36,0.46108,9.2216,,,,,,,
0:33:38,0.44421,8.8842,,,,,,,
0:33:40,0.42735,8.547,,,,,,,
0:33:42,0.41048,8.2096,,,,,,,
0:33:44,0.39699,7.9398,,,,,,,
0:33:46,0.39552,7.9104,,,,,,,
0:33:48,0.39405,7.881,,,,,,,
0:33:50,0.39478,7.8956,,,,,,,
0:33:52,0.40305,8.061,,,,,,,
0:33:54,0.41437,8.2874,,,,,,,
0:33:56,0.4363,8.726,,,,,,,
0:33:58,0.45823,9.1646,,,,,,,
0:34:00,0.48016,9.6032,,,,,,,
0:34:02,0.50209,10.0418,,,,,,,
0:34:04,0.52405,10.481,,,,,,,
0:34:06,0.54612,10.9224,,,,,,,
0:34:08,0.5682,11.364,,,,,,,
0:34:10,0.59027,11.8054,,,,,,,
0:34:12,0.61235,12.247,,,,,,,
0:34:14,0.63442,12.6884,,,,,,,
0:34:16,0.65649,13.1298,,,,,,,
0:34:18,0.67857,13.5714,,,,,,,
0:34:20,0.70064,14.0128,,,,,,,
0:34:22,0.72271,14.4542,,,,,,,
0:34:24,0.74479,14.8958,,,,,,,
0:34:26,0.76566,15.3132,,,,,,,
0:34:28,0.78234,15.6468,,,,,,,
0:34:30,0.79902,15.9804,,,,,,,
0:34:32,0.81277,16.2554,,,,,,,
0:34:34,0.81648,16.3296,,,,,,,
0:34:36,0.81792,16.3584,,,,,,,
0:34:38,0.81146,16.2292,,,,,,,
0:34:40,0.805,16.1,,,,,,,
0:34:42,0.79501,15.9002,,,,,,,
0:34:44,0.7775,15.55,,,,,,,
0:34:46,0.77412,15.4824,,,,,,,
0:34:48,0.75912,15.1824,,,,,,,
0:34:50,0.74037,14.8074,,,,,,,
0:34:52,0.70833,14.1666,,,,,,,
0:34:54,0.67629,13.5258,,,,,,,
0:34:56,0.64425,12.885,,,,,,,
0:34:58,0.61221,12.2442,,,,,,,
0:35:00,0.58017,11.6034,,,,,,,
0:35:02,0.54813,10.9626,,,,,,,
0:35:04,0.51472,10.2944,,,,,,,
0:35:06,0.4765,9.53,,,,,,,
0:35:08,0.43827,8.7654,,,,,,,
0:35:10,0.40005,8.001,,,,,,,
0:35:12,0.36284,7.2568,,,,,,,
0:35:14,0.32918,6.5836,,,,,,,
0:35:16,0.29552,5.9104,,,,,,,
0:35:18,0.26186,5.2372,,,,,,,
0:35:20,0.22975,4.595,,,,,,,
0:35:22,0.20303,4.0606,,,,,,,
0:35:24,0.1763,3.526,,,,,,,
0:35:26,0.14957,2.9914,,,,,,,
0:35:28,0.12284,2.4568,,,,,,,
0:35:30,0.09611,1.9222,,,,,,,
0:35:32,0.06938,1.3876,,,,,,,
0:35:34,0.04492,0.8984,,,,,,,
0:35:36,0.02818,0.5636,,,,,,,
0:35:38,0.01145,0.229,,,,,,,
0:35:40,-0.00214,-0.0428,,,,,,,
0:35:42,-0.00446,-0.0892,,,,,,,
0:35:44,-0.00678,-0.1356,,,,,,,
0:35:46,-0.00645,-0.129,,,,,,,
0:35:48,0.00294,0.0588,,,,,,,
0:35:50,0.01467,0.2934,,,,,,,
0:35:52,0.03482,0.6964,,,,,,,
0:35:54,0.05496,1.0992,,,,,,,
0:35:56,0.07773,1.5546,,,,,,,
0:35:58,0.10954,2.1908,,,,,,,
0:36:00,0.14136,2.8272,,,,,,,
0:36:02,0.17318,3.4636,,,,,,,
0:36:04,0.20425,4.085,,,,,,,
0:36:06,0.23268,4.6536,,,,,,,
0:36:08,0.26112,5.2224,,,,,,,
0:36:10,0.28658,5.7316,,,,,,,
0:36:12,0.30164,6.0328,,,,,,,
0:36:14,0.3167,6.334,,,,,,,
0:36:16,0.32843,6.5686,,,,,,,
0:36:18,0.32877,6.5754,,,,,,,
0:36:20,0.32912,6.5824,,,,,,,
0:36:22,0.32946,6.5892,,,,,,,
0:36:24,0.3298,6.596,,,,,,,
0:36:26,0.33014,6.6028,,,,,,,
0:36:28,0.33049,6.6098,,,,,,,
0:36:30,0.33083,6.6166,,,,,,,
0:36:32,0.33117,6.6234,,,,,,,
0:36:34,0.33151,6.6302,,,,,,,
0:36:36,0.33186,6.6372,,,,,,,
0:36:38,0.3322,6.644,,,,,,,
0:36:40,0.33254,6.6508,,,,,,,
0:36:42,0.33183,6.6366,,,,,,,
0:36:44,0.3275,6.55,,,,,,,
0:36:46,0.32068,6.4136,,,,,,,
0:36:48,0.30511,6.1022,,,,,,,
0:36:50,0.28954,5.7908,,,,,,,
0:36:52,0.27397,5.4794,,,,,,,
0:36:54,0.25599,5.1198,,,,,,,
0:36:56,0.22243,4.4486,,,,,,,
0:36:58,0.19554,3.9108,,,,,,,
0:37:00,0.16542,3.3084,,,,,,,
0:37:02,0.13437,2.6874,,,,,,,
0:37:04,0.10331,2.0662,,,,,,,
0:37:06,0.09629,1.9258,,,,,,,
0:37:08,0.04925,0.985,,,,,,,
0:37:10,0.01203,0.2406,,,,,,,
0:37:12,-0.01772,-0.3544,,,,,,,
0:37:14,-0.04746,-0.9492,,,,,,,
0:37:16,-0.07721,-1.5442,,,,,,,
0:37:18,-0.08411,-1.6822,,,,,,,
0:37:20,-0.12028,-2.4056,,,,,,,
0:37:22,-0.14329,-2.8658,,,,,,,
0:37:24,-0.15905,-3.181,,,,,,,
0:37:26,-0.1748,-3.496,,,,,,,
0:37:28,-0.19056,-3.8112,,,,,,,
0:37:30,-0.20077,-4.0154,,,,,,,
0:37:32,-0.20934,-4.1868,,,,,,,
0:37:34,-0.21792,-4.3584,,,,,,,
0:37:36,-0.22649,-4.5298,,,,,,,
0:37:38,-0.23507,-4.7014,,,,,,,
0:37:40,-0.24045,-4.809,,,,,,,
0:37:42,-0.24491,-4.8982,,,,,,,
0:37:44,-0.24936,-4.9872,,,,,,,
0:37:46,-0.25382,-5.0764,,,,,,,
0:37:48,-0.25828,-5.1656,,,,,,,
0:37:50,-0.26274,-5.2548,,,,,,,
0:37:52,-0.25801,-5.1602,,,,,,,
0:37:54,-0.25043,-5.0086,,,,,,,
0:37:56,-0.24285,-4.857,,,,,,,
0:37:58,-0.22423,-4.4846,,,,,,,
0:38:00,-0.20217,-4.0434,,,,,,,
0:38:02,-0.18012,-3.6024,,,,,,,
0:38:04,-0.14908,-2.9816,,,,,,,
0:38:06,-0.14071,-2.8142,,,,,,,
0:38:08,-0.07709,-1.5418,,,,,,,
0:38:10,-0.0216,-0.432,,,,,,,
0:38:12,0.02466,0.4932,,,,,,,
0:38:14,0.07092,1.4184,,,,,,,
0:38:16,0.11718,2.3436,,,,,,,
0:38:18,0.16344,3.2688,,,,,,,
0:38:20,0.2097,4.194,,,,,,,
0:38:22,0.25595,5.119,,,,,,,
0:38:24,0.30221,6.0442,,,,,,,
0:38:26,0.34511,6.9022,,,,,,,
0:38:28,0.38695,7.739,,,,,,,
0:38:30,0.42878,8.5756,,,,,,,
0:38:32,0.47062,9.4124,,,,,,,
0:38:34,0.5052,10.104,,,,,,,
0:38:36,0.53754,10.7508,,,,,,,
0:38:38,0.56987,11.3974,,,,,,,
0:38:40,0.59456,11.8912,,,,,,,
0:38:42,0.61682,12.3364,,,,,,,
0:38:44,0.63908,12.7816,,,,,,,
0:38:46,0.66134,13.2268,,,,,,,
0:38:48,0.67515,13.503,,,,,,,
0:38:50,0.68621,13.7242,,,,,,,
0:38:52,0.69726,13.9452,,,,,,,
0:38:54,0.70788,14.1576,,,,,,,
0:38:56,0.71835,14.367,,,,,,,
0:38:58,0.72882,14.5764,,,,,,,
0:39:00,0.73929,14.7858,,,,,,,
0:39:02,0.75514,15.1028,,,,,,,
0:39:04,0.77269,15.4538,,,,,,,
0:39:06,0.77691,15.5382,,,,,,,
0:39:08,0.80236,16.0472,,,,,,,
0:39:10,0.81897,16.3794,,,,,,,
0:39:12,0.83015,16.603,,,,,,,
0:39:14,0.84134,16.8268,,,,,,,
0:39:16,0.85253,17.0506,,,,,,,
0:39:18,0.8513,17.026,,,,,,,
0:39:20,0.84597,16.9194,,,,,,,
0:39:22,0.83183,16.6366,,,,,,,
0:39:24,0.81495,16.299,,,,,,,
0:39:26,0.79189,15.8378,,,,,,,
0:39:28,0.76683,15.3366,,,,,,,
0:39:30,0.74177,14.8354,,,,,,,
0:39:32,0.72569,14.5138,,,,,,,
0:39:34,0.71253,14.2506,,,,,,,
0:39:36,0.70977,14.1954,,,,,,,
0:39:38,0.7104,14.208,,,,,,,
0:39:40,0.71104,14.2208,,,,,,,
0:39:42,0.72297,14.4594,,,,,,,
0:39:44,0.73846,14.7692,,,,,,,
0:39:46,0.75394,15.0788,,,,,,,
0:39:48,0.76943,15.3886,,,,,,,
0:39:50,0.79038,15.8076,,,,,,,
0:39:52,0.81307,16.2614,,,,,,,
0:39:54,0.83576,16.7152,,,,,,,
0:39:56,0.85844,17.1688,,,,,,,
0:39:58,0.88113,17.6226,,,,,,,
0:40:00,0.90382,18.0764,,,,,,,
